part,manufacturer,file,sha256,source_url,fetched,status,notes
MPXV4006DP,NXP (Freescale),datasheets/other-semi/MPXV4006DP.pdf,aa7f2f9234e5dac8a2dac9030a8a8a2ff8a92839d34b0a8cd925eae0cc1b047a,https://raw.githubusercontent.com/spmp/water_controller/master/datasheets/MPXV4006GP.pdf,2026-09-21,OK,"MPXV4006 Rev 3 1/2009; 22 pp; series datasheet covering MPXV4006DP (case 1351-01) - 'MPXV4006DP' appears literally in text. Mirrored in GitHub repo spmp/water_controller under the sibling part name MPXV4006GP.pdf; nxp.com unreachable (HTTP 000)."
MCP3202-CI/SN,Microchip,datasheets/other-semi/MCP3202-CI-SN.pdf,f06725fac4793db344845d0db9a9f7e1d3dedd3b879fc1c570b01824c41e6559,https://raw.githubusercontent.com/Grant-E-G/muon_telescope/main/docs/datasheets/microchip-mcp3202.pdf,2026-09-21,OK,"MCP3202 DS21034 (2.7V Dual Channel 12-Bit A/D Converter with SPI Serial Interface); 34 pp; ww1.microchip.com unreachable (HTTP 000)."
74HC165,Texas Instruments,datasheets/other-semi/74HC165.pdf,ee4f069c1c4f538ee43e1fabbf1ba80ab90867e3e8cd8d4bbe6221efa66106b6,https://raw.githubusercontent.com/BinaryMan32/phoenix-arduino/master/images/SN74HC165.pdf,2026-09-21,OK,"SN54HC165/SN74HC165 SCLS116E Dec-1982 rev Sep-2003; 22 pp. TI part obtained; Nexperia 74HC_HCT165 and Toshiba TC74HC165 not found on GitHub/GitLab (vendor sites unreachable)."
WS2815,WorldSemi,datasheets/other-semi/WS2815.pdf,72e22d2f740c561db3cd82db1915dad35c546f5e7551b896000445fa4b3ca957,https://media.githubusercontent.com/media/FastLED/datasheets/main/worldsemi/addressable-led/WS2815/datasheet.pdf,2026-09-21,OK,"WS2815 V1.1 (2017-10-10); 8 pp; Git-LFS object from FastLED/datasheets served via media.githubusercontent.com (raw.githubusercontent.com returns only the 131-byte LFS pointer)."
WS2812B,WorldSemi,datasheets/other-semi/WS2812B.pdf,670517e400d01f76e91187e173c9bb105e5470741604f81243364c5f13d37448,https://media.githubusercontent.com/media/FastLED/datasheets/main/worldsemi/addressable-led/WS2812B/datasheet.pdf,2026-09-21,OK,"WS2812B 5050 datasheet; 5 pp; Git-LFS object via media.githubusercontent.com. Upstream provenance recorded by FastLED as cdn-shop.adafruit.com/datasheets/WS2812B.pdf (adafruit unreachable)."
WS2812C,WorldSemi,datasheets/other-semi/WS2812C.pdf,dff2e5d6973943cb5cb1ace7056f3e37b805b7ae85de9b106e38c671bda8b223,https://raw.githubusercontent.com/atopile/packages/main/packages/worldsemi-ws2812c/parts/Worldsemi_WS2812C/Worldsemi-WS2812C_C114587.pdf,2026-09-21,OK,"WS2812C-2020 5.0*5.4mm datasheet (LCSC C114587 copy committed in atopile/packages); 8 pp."
74HC165 (Nexperia),Nexperia,,,https://assets.nexperia.com/documents/data-sheet/74HC_HCT165.pdf,2026-09-21,BLOCKED,"Second source for the 3.3 V VIH/VIL question. assets.nexperia.com / nexperia.com unreachable (HTTP 000). GitHub code search: '74HC165 in:path extension:pdf' = 0 hits; 'HCT165 in:path' = 71 hits none a PDF; GitLab timofonic/Datasheets 'Shift Registers' folder holds only 74HC_HCT164.pdf and M74HC595B1.pdf. TI SCLS116E obtained instead."
74HC165 (Toshiba),Toshiba,,,https://toshiba.semicon-storage.com/info/TC74HC165AP_datasheet_en.pdf,2026-09-21,BLOCKED,"Third source; toshiba.semicon-storage.com unreachable (HTTP 000); no Toshiba TC74HC165 PDF found on GitHub or GitLab."
MPXV4006 AN1646,NXP (Freescale),,,https://raw.githubusercontent.com/spmp/water_controller/master/datasheets/AN1646_MPX-app-note.pdf,2026-09-21,NOT-FETCHED,"Companion app note AN1646 (output filtering / mounting) is available at this reachable URL but was out of scope for this batch; the mounting-stress statement needed is Note 5 of the MPXV4006 datasheet itself."
