name,kind,out,fingerprint,out_sha256,provisional,built,tool,inputs
module-art-check,script,mechanical/module/art/panel-art-check.txt,74b84635e084b93d,9102e5c3738a2669,,2026-09-30,panel-art.py; fontTools 4.66.0; shapely 2.1.2; rsvg-convert version 2.58.0,config/module.yaml@bf9d6e59666a;datasheets/fonts/Inter-Medium.ttf@458cd0601d28;datasheets/fonts/Inter-SemiBold.ttf@47f8ab1d6814;mechanical/module/export/panel-art.echo@54a9e5354124;mechanical/module/export/panel.dxf@68ffd0753dfa;tools/panel-art.py@1c407137c900
module-art-echo,export,mechanical/module/export/panel-art.echo,5d2cde2c7c567116,fbdc65efe44f0b1b,yes,2026-09-30,OpenSCAD version 2021.01,mechanical/cad/generated/module-params.scad@986e38987fbb;mechanical/cad/module.scad@46064dbcb25d;mechanical/cad/vendor/ne8fav.stl@3f172ba9ef11;mechanical/cad/vendor/pj398sm.stl@374ee6dbce51;mechanical/cad/vendor/r0904n.stl@a33c672cba07
module-art-pdf,script,mechanical/module/art/panel-art.pdf,1ae82a8d88252e46,17ebc8d31ca236a1,,2026-09-30,panel-art.py; fontTools 4.66.0; shapely 2.1.2; rsvg-convert version 2.58.0,config/module.yaml@bf9d6e59666a;datasheets/fonts/Inter-Medium.ttf@458cd0601d28;datasheets/fonts/Inter-SemiBold.ttf@47f8ab1d6814;mechanical/module/export/panel-art.echo@54a9e5354124;mechanical/module/export/panel.dxf@68ffd0753dfa;tools/panel-art.py@1c407137c900
module-art-proof,script,mechanical/module/art/panel-art.png,16cde2711e876120,a49cb45653e48498,,2026-09-30,panel-art.py; fontTools 4.66.0; shapely 2.1.2; rsvg-convert version 2.58.0,config/module.yaml@bf9d6e59666a;datasheets/fonts/Inter-Medium.ttf@458cd0601d28;datasheets/fonts/Inter-SemiBold.ttf@47f8ab1d6814;mechanical/module/export/panel-art.echo@54a9e5354124;mechanical/module/export/panel.dxf@68ffd0753dfa;tools/panel-art.py@1c407137c900
module-art-svg,script,mechanical/module/art/panel-art.svg,ea701fbcaa12825a,be8e0789170cac81,,2026-09-30,panel-art.py; fontTools 4.66.0; shapely 2.1.2; rsvg-convert version 2.58.0,config/module.yaml@bf9d6e59666a;datasheets/fonts/Inter-Medium.ttf@458cd0601d28;datasheets/fonts/Inter-SemiBold.ttf@47f8ab1d6814;mechanical/module/export/panel-art.echo@54a9e5354124;mechanical/module/export/panel.dxf@68ffd0753dfa;tools/panel-art.py@1c407137c900
module-art-tex-albedo,script,mechanical/module/art/tex-albedo.png,b3f9fa311c4e3182,9b4235f0750b17a9,,2026-09-30,panel-art.py; fontTools 4.66.0; shapely 2.1.2; rsvg-convert version 2.58.0,config/module.yaml@bf9d6e59666a;datasheets/fonts/Inter-Medium.ttf@458cd0601d28;datasheets/fonts/Inter-SemiBold.ttf@47f8ab1d6814;mechanical/module/export/panel-art.echo@54a9e5354124;mechanical/module/export/panel.dxf@68ffd0753dfa;tools/panel-art.py@1c407137c900
module-art-tex-height,script,mechanical/module/art/tex-height.png,099dd578ff1ac534,308371df901c01c2,,2026-09-30,panel-art.py; fontTools 4.66.0; shapely 2.1.2; rsvg-convert version 2.58.0,config/module.yaml@bf9d6e59666a;datasheets/fonts/Inter-Medium.ttf@458cd0601d28;datasheets/fonts/Inter-SemiBold.ttf@47f8ab1d6814;mechanical/module/export/panel-art.echo@54a9e5354124;mechanical/module/export/panel.dxf@68ffd0753dfa;tools/panel-art.py@1c407137c900
module-art-tex-roughness,script,mechanical/module/art/tex-roughness.png,bb7e18ba26d2cc35,aae866a936a2f25f,,2026-09-30,panel-art.py; fontTools 4.66.0; shapely 2.1.2; rsvg-convert version 2.58.0,config/module.yaml@bf9d6e59666a;datasheets/fonts/Inter-Medium.ttf@458cd0601d28;datasheets/fonts/Inter-SemiBold.ttf@47f8ab1d6814;mechanical/module/export/panel-art.echo@54a9e5354124;mechanical/module/export/panel.dxf@68ffd0753dfa;tools/panel-art.py@1c407137c900
module-boards,render,mechanical/module/renders/boards.png,2f542a61424449fc,e5bd92f03674b323,yes,2026-09-30,OpenSCAD version 2021.01,mechanical/cad/fig_module_boards.scad@9b032355b926;mechanical/cad/generated/module-params.scad@986e38987fbb;mechanical/cad/lib/annot.scad@32da948235d9;mechanical/cad/module.scad@46064dbcb25d;mechanical/cad/vendor/ne8fav.stl@3f172ba9ef11;mechanical/cad/vendor/pj398sm.stl@374ee6dbce51;mechanical/cad/vendor/r0904n.stl@a33c672cba07
module-clash,clash,mechanical/module/clash.txt,1e84dba30db50431,c400c82ad9d4b5f8,yes,2026-09-30,OpenSCAD version 2021.01; manifold3d,mechanical/cad/generated/module-params.scad@986e38987fbb;mechanical/cad/module.scad@46064dbcb25d;mechanical/cad/vendor/ne8fav.stl@3f172ba9ef11;mechanical/cad/vendor/pj398sm.stl@374ee6dbce51;mechanical/cad/vendor/r0904n.stl@a33c672cba07;mechanical/module/clash-allow.yaml@c85fe62e1d87
module-drc,export,mechanical/module/drc.echo,1c5ab879eea78179,2e2b7b83164540d5,yes,2026-09-30,OpenSCAD version 2021.01,mechanical/cad/generated/module-params.scad@986e38987fbb;mechanical/cad/module.scad@46064dbcb25d;mechanical/cad/vendor/ne8fav.stl@3f172ba9ef11;mechanical/cad/vendor/pj398sm.stl@374ee6dbce51;mechanical/cad/vendor/r0904n.stl@a33c672cba07
module-dxf-jack-board,export,mechanical/module/export/jack-board.dxf,f7eefbd7654c8dba,33b2bb064b950f66,yes,2026-09-30,OpenSCAD version 2021.01,mechanical/cad/generated/module-params.scad@986e38987fbb;mechanical/cad/module.scad@46064dbcb25d;mechanical/cad/vendor/ne8fav.stl@3f172ba9ef11;mechanical/cad/vendor/pj398sm.stl@374ee6dbce51;mechanical/cad/vendor/r0904n.stl@a33c672cba07
module-dxf-main-board,export,mechanical/module/export/main-board.dxf,31f670bf2c46dfb4,dd8f290aa524760a,yes,2026-09-30,OpenSCAD version 2021.01,mechanical/cad/generated/module-params.scad@986e38987fbb;mechanical/cad/module.scad@46064dbcb25d;mechanical/cad/vendor/ne8fav.stl@3f172ba9ef11;mechanical/cad/vendor/pj398sm.stl@374ee6dbce51;mechanical/cad/vendor/r0904n.stl@a33c672cba07
module-dxf-panel,export,mechanical/module/export/panel.dxf,bec2ee8e09a766d4,f67ce3ab54fbfb0c,yes,2026-09-30,OpenSCAD version 2021.01,mechanical/cad/generated/module-params.scad@986e38987fbb;mechanical/cad/module.scad@46064dbcb25d;mechanical/cad/vendor/ne8fav.stl@3f172ba9ef11;mechanical/cad/vendor/pj398sm.stl@374ee6dbce51;mechanical/cad/vendor/r0904n.stl@a33c672cba07
module-exploded,render,mechanical/module/renders/exploded.png,212661dab048b8c6,b95bc08adca8cb6e,yes,2026-09-30,OpenSCAD version 2021.01,mechanical/cad/generated/module-params.scad@986e38987fbb;mechanical/cad/module.scad@46064dbcb25d;mechanical/cad/vendor/ne8fav.stl@3f172ba9ef11;mechanical/cad/vendor/pj398sm.stl@374ee6dbce51;mechanical/cad/vendor/r0904n.stl@a33c672cba07
module-hero,render,mechanical/module/renders/hero.png,1525c78c7f1c6e86,7141de4b3e17a701,yes,2026-09-30,OpenSCAD version 2021.01,mechanical/cad/generated/module-params.scad@986e38987fbb;mechanical/cad/module.scad@46064dbcb25d;mechanical/cad/vendor/ne8fav.stl@3f172ba9ef11;mechanical/cad/vendor/pj398sm.stl@374ee6dbce51;mechanical/cad/vendor/r0904n.stl@a33c672cba07
module-ne8fav-mesh,mesh,mechanical/cad/vendor/ne8fav.stl,904b5295349c4811,206169bc22ed51d6,,2026-09-29,gmsh 4.15.2,datasheets/connectors/NEUTRIK-NE8FAV-3D.stp@d1770d0b6233
module-ne8mx-mesh,mesh,mechanical/cad/vendor/ne8mx.stl,f570ee4ad2fcbe17,5da07affaf0799bf,,2026-09-30,gmsh 4.15.2,datasheets/connectors/NEUTRIK-NE8MX-3D.stp@0ff9ff8fec4d
module-panel,render,mechanical/module/renders/panel.png,70ddc51822560229,958eb9d2e5b6d8b5,yes,2026-09-30,OpenSCAD version 2021.01,mechanical/cad/fig_module_panel.scad@b4a8035a81ec;mechanical/cad/generated/module-params.scad@986e38987fbb;mechanical/cad/lib/annot.scad@32da948235d9;mechanical/cad/module.scad@46064dbcb25d;mechanical/cad/vendor/ne8fav.stl@3f172ba9ef11;mechanical/cad/vendor/pj398sm.stl@374ee6dbce51;mechanical/cad/vendor/r0904n.stl@a33c672cba07
module-pcb-geometry,export,mechanical/module/export/pcb-geometry.echo,0063417eeadb92d2,42a326e5abee24cd,yes,2026-09-30,OpenSCAD version 2021.01,mechanical/cad/generated/module-params.scad@986e38987fbb;mechanical/cad/module.scad@46064dbcb25d;mechanical/cad/vendor/ne8fav.stl@3f172ba9ef11;mechanical/cad/vendor/pj398sm.stl@374ee6dbce51;mechanical/cad/vendor/r0904n.stl@a33c672cba07
module-photo-hero,script,mechanical/module/renders/photo-hero.png,163d8a17e743b9ad,6f0fffefb491488b,,2026-09-30,"render-module.py; Blender 5.0.1 (bpy), Cycles 160 spp adaptive, OIDN",config/body.yaml@14611d23597b;config/module.yaml@bf9d6e59666a;mechanical/cad/vendor/ne8fav.stl@3f172ba9ef11;mechanical/cad/vendor/ne8mx.stl@2b3a8086f3f5;mechanical/cad/vendor/pj398sm.stl@374ee6dbce51;mechanical/module/art/tex-albedo.png@5c938d3b6676;mechanical/module/art/tex-height.png@0e32157e0c0f;mechanical/module/art/tex-roughness.png@31a2fa104ff4;mechanical/module/blender/studio_small_08_1k.hdr@fd9f69afe082;mechanical/module/export/panel-art.echo@54a9e5354124;mechanical/module/export/panel.dxf@68ffd0753dfa;tools/render-module.py@b0d9eaba7aea
module-pj398sm-mesh,mesh,mechanical/cad/vendor/pj398sm.stl,f0f80af62142afa2,1aeec516ad3cee07,,2026-09-29,gmsh 4.15.2,datasheets/connectors/THONKICONN-PJ398SM-BADPIXEL-3D.step@e5f7352290c6
module-r0904n-mesh,mesh,mechanical/cad/vendor/r0904n.stl,83ca6e5be6970797,563d44197310eaad,,2026-09-29,gmsh 4.15.2,datasheets/connectors/SONGHUEI-R0904N-L25-BADPIXEL-3D.step@e45a7986bc68
module-rear,render,mechanical/module/renders/rear.png,b4d48ec42bdeffb2,a63ae6c1818389a0,yes,2026-09-30,OpenSCAD version 2021.01,mechanical/cad/generated/module-params.scad@986e38987fbb;mechanical/cad/module.scad@46064dbcb25d;mechanical/cad/vendor/ne8fav.stl@3f172ba9ef11;mechanical/cad/vendor/pj398sm.stl@374ee6dbce51;mechanical/cad/vendor/r0904n.stl@a33c672cba07
module-section,render,mechanical/module/renders/section.png,25ca6a9225c2cf87,456c2011ea14365d,yes,2026-09-30,OpenSCAD version 2021.01,mechanical/cad/fig_module_section.scad@8607d8915ea7;mechanical/cad/generated/module-params.scad@986e38987fbb;mechanical/cad/lib/annot.scad@32da948235d9;mechanical/cad/module.scad@46064dbcb25d;mechanical/cad/vendor/ne8fav.stl@3f172ba9ef11;mechanical/cad/vendor/pj398sm.stl@374ee6dbce51;mechanical/cad/vendor/r0904n.stl@a33c672cba07
