Comment,Designator,Footprint,JLCPCB Part #
100R 1%,"R13,R15,R17,R19,R21,R23,R25,R27,R29,R31,R9",R_0805_2012Metric,C17408
100R 1%,"R34,R35,R36",R_1206_3216Metric,C17901
100nF,"C12,C13,C14,C204,C25,C26,C27,C28,C29,C3,C30,C31,C32,C33,C34,C35,C36,C37,C6,C7,C8",C_0805_2012Metric,C49678
100uF,C11,CP_Elec_6.3x5.8,C729678
10k,R37,R_0805_2012Metric,C17414
10k 1%,"R10,R40,R8",R_0805_2012Metric,C17414
10k 1%,R4,R_0805_2012Metric,C869153
10nF,C202,C_0805_2012Metric,C27071
10uF,"C2,C4,C5",C_1206_3216Metric,C89632
15V zener,D1,D_SOD-123,C129730
15k 1%,R5,R_0805_2012Metric,C869203
1M 1%,"R41,R42",R_0805_2012Metric,C17514
1N4148W,D20,D_SOD-123,C81598
1k 1%,"R38,R39",R_1206_3216Metric,C4410
1nF,C9,C_0805_2012Metric,C62774
1uF,C201,C_0805_2012Metric,C28323
1uF 50V X7R,C38,C_0805_2012Metric,C28323
22R 1%,R43,R_0805_2012Metric,C17561
22nF 50V X7R,C39,C_0805_2012Metric,C1729
22uH,L1,L_Sunlord_SWPA6028S,C51349
2k2 1%,R44,R_0603_1608Metric,C4190
2k2 1%,"R12,R14,R16,R18,R20,R22,R24,R26,R28,R30,R32,R33",R_0805_2012Metric,C17520
330R,R11,R_0805_2012Metric,C17630
330R 1%,R6,R_0805_2012Metric,C17630
37.4R 1%,R7,R_0805_2012Metric,C204458
470pF,C203,C_0805_2012Metric,C277525
470uF 25V,C10,CP_Elec_10x10,C340751
47nF,"C15,C16,C17,C18,C19,C20,C21,C22,C23,C24",C_0805_2012Metric,C53134
47nF C0G/NP0,C1,C_0805_2012Metric,C22402129
74AHCT125,U6,SOIC-14_3.9x8.7mm_P1.27mm,C155176
74HCS165,"U7,U8",SOIC-16_3.9x9.9mm_P1.27mm,C2864745
82R 1%,"R1,R2,R3",R_1206_3216Metric,C17980
AO3401A,Q1,SOT-23,C15127
Ferrite bead 600R @ 100MHz,"FB1,FB2",L_0805_2012Metric,C3716677
MCP3202-CI/SN,U2,SOIC-8_3.9x4.9mm_P1.27mm,C56997
OPA2197IDR,U3,SOIC-8_3.9x4.9mm_P1.27mm,C139363
PESD12VS1UA or equivalent 12V-standoff ESD diode,"D5,D6",D_SOD-323,C131084
REF5050IDR,U4,SOIC-8_3.9x4.9mm_P1.27mm,C24696
SMAJ15A,D3,D_SMA,C148216
SP0504BAHT or equivalent 4-channel 5V array,U1,SOT-23-5,C10675
SP0504BAHTG 4-channel 5V array,U9,SOT-23-5,C10675
SS14,D4,D_SMA,C47460
SS34,D2,D_SMC,C13354
WS2815B-V1,"D10,D11,D12,D13,D14,D15,D16,D17,D18,D19,D7,D8,D9",LED_WS2815B-V1_PLCC6_5.4x5.0mm_P1.6mm,C5446699
