Designator,Value,Manufacturer,MPN
J1,2x12 1.27mm shrouded box header,XKB Connection,X1270WR-2x12A-9TV01
J2,1x3,hanxia,HX PZ2.54-1x3P ZZ
J4,12-way,Samtec,SHF-106-01-L-D-RA
J5,12-way,Samtec,SHF-106-01-L-D-RA
J6,8-way 2.54mm right-angle pin header,hanxia,HX PZ2.54-1x8P WZ
SW1,KS-33,Gateron,KS-33H10B050NN-Y24
SW2,KS-33,Gateron,KS-33H10B050NN-Y24
SW3,KS-33,Gateron,KS-33H10B050NN-Y24
SW4,KS-33,Gateron,KS-33H10B050NN-Y24
SW5,KS-33,Gateron,KS-33H10B050NN-Y24
SW6,KS-33,Gateron,KS-33H10B050NN-Y24
SW7,KS-33,Gateron,KS-33H10B050NN-Y24
SW8,KS-33,Gateron,KS-33H10B050NN-Y24
U10,MPXV4006DP,STMicroelectronics,MPXV4006DP
U5,R-78E5.0-1.0,Recom,R-78E5.0-1.0
