Designator,Mid X,Mid Y,Layer,Rotation
C1,91.200000,-130.400000,Top,90.000000
C10,272.200000,-138.500000,Top,0.000000
C44,272.200000,-131.300000,Top,0.000000
C11,297.000000,-137.500000,Top,90.000000
C12,330.900000,-113.400000,Top,90.000000
C13,125.600000,-125.800000,Top,0.000000
C14,241.600000,-125.800000,Top,0.000000
C204,79.200000,-124.400000,Top,270.000000
C205,245.300000,-125.800000,Top,0.000000
C206,129.300000,-125.800000,Top,0.000000
C26,322.981000,-117.000000,Top,0.000000
C27,303.111999,-117.000000,Top,0.000000
C28,283.241999,-117.000000,Top,0.000000
C29,263.373000,-117.000000,Top,0.000000
C3,101.500000,-125.600000,Top,0.000000
C30,243.504000,-117.000000,Top,0.000000
C31,223.635000,-117.000000,Top,0.000000
C32,203.765000,-117.000000,Top,0.000000
C33,183.896000,-117.000000,Top,0.000000
C34,164.027000,-117.000000,Top,0.000000
C35,144.157700,-117.000000,Top,0.000000
C36,124.288500,-117.000000,Top,0.000000
C37,104.419199,-117.000000,Top,0.000000
C38,84.550000,-117.000000,Top,0.000000
C6,71.650000,-132.030000,Top,270.000000
C7,81.200000,-133.900000,Top,90.000000
C8,86.100000,-102.600000,Top,270.000000
C15,110.100000,-137.300000,Top,90.000000
C16,109.900000,-105.700000,Top,270.000000
C17,150.100000,-137.300000,Top,90.000000
C18,149.900000,-105.700000,Top,270.000000
C19,218.100000,-137.300000,Top,90.000000
C20,217.900000,-105.700000,Top,270.000000
C21,258.100000,-137.300000,Top,90.000000
C22,257.899999,-105.700000,Top,270.000000
C23,228.400000,-132.500000,Top,270.000000
C24,228.400000,-136.100000,Top,90.000000
C2,93.600000,-124.100000,Top,90.000000
C4,75.000000,-127.460000,Top,0.000000
C5,81.400000,-129.699999,Top,90.000000
C201,83.900000,-102.600000,Top,270.000000
C39,342.500000,-113.500000,Top,90.000000
C202,81.700000,-102.600000,Top,270.000000
C203,82.600000,-126.400000,Top,0.000000
C40,338.000000,-109.000000,Top,90.000000
C42,96.200000,-124.100000,Top,90.000000
C43,280.000000,-131.699999,Top,0.000000
C9,68.900000,-128.900000,Top,90.000000
D1,82.500000,-137.200000,Top,0.000000
D10,283.241999,-121.500000,Top,180.000000
D11,263.373000,-121.500000,Top,180.000000
D12,243.504000,-121.500000,Top,180.000000
D13,223.635000,-121.500000,Top,180.000000
D14,203.765000,-121.500000,Top,180.000000
D15,183.896000,-121.500000,Top,180.000000
D16,164.027000,-121.500000,Top,180.000000
D17,144.157700,-121.500000,Top,180.000000
D18,124.288500,-121.500000,Top,180.000000
D19,104.419199,-121.500000,Top,180.000000
D20,84.550000,-121.500000,Top,180.000000
D8,322.981000,-121.500000,Top,180.000000
D9,303.111999,-121.500000,Top,180.000000
D2,346.400000,-131.300000,Top,90.000000
D21,343.000000,-109.000000,Top,90.000000
D3,351.600000,-128.199999,Top,270.000000
D4,297.000000,-130.000000,Top,0.000000
D5,352.600000,-118.700000,Top,90.000000
D6,352.600000,-122.450000,Top,90.000000
FB1,126.400000,-110.200000,Top,90.000000
FB2,227.300000,-108.500000,Top,90.000000
L1,307.800000,-131.500000,Top,0.000000
Q1,339.000000,-113.500000,Top,180.000000
R1,334.700000,-131.199999,Top,90.000000
R2,337.000000,-131.199999,Top,90.000000
R3,339.300000,-131.199999,Top,90.000000
R10,328.300000,-113.000000,Top,90.000000
R37,122.000000,-110.200000,Top,90.000000
R40,341.600000,-131.199999,Top,90.000000
R45,92.400000,-127.600000,Top,0.000000
R8,68.900000,-132.350000,Top,90.000000
R11,325.900000,-126.100000,Top,90.000000
R6,87.500000,-137.200000,Top,0.000000
R12,107.400000,-140.000000,Top,0.000000
R14,112.600000,-103.000000,Top,180.000000
R16,147.399999,-140.000000,Top,0.000000
R18,152.600000,-103.000000,Top,180.000000
R20,215.400000,-140.000000,Top,0.000000
R22,220.600000,-103.000000,Top,180.000000
R24,255.400000,-140.000000,Top,0.000000
R26,260.600000,-103.000000,Top,180.000000
R28,225.700000,-129.800000,Top,0.000000
R30,225.700000,-138.800000,Top,0.000000
R32,123.200000,-128.800000,Top,90.000000
R33,123.200000,-132.699999,Top,90.000000
R13,112.800000,-140.000000,Top,0.000000
R15,107.199999,-103.000000,Top,180.000000
R17,152.800000,-140.000000,Top,0.000000
R19,147.200000,-103.000000,Top,180.000000
R21,220.799999,-140.000000,Top,0.000000
R23,215.200000,-103.000000,Top,180.000000
R25,260.799999,-140.000000,Top,0.000000
R27,255.200000,-103.000000,Top,180.000000
R29,231.100000,-129.800000,Top,0.000000
R31,231.100000,-138.800000,Top,0.000000
R9,68.900000,-125.450000,Top,270.000000
R34,292.500000,-113.500000,Top,90.000000
R35,295.100000,-113.500000,Top,90.000000
R36,297.700000,-113.500000,Top,90.000000
R38,348.950000,-119.610000,Top,0.000000
R39,348.950000,-122.150000,Top,0.000000
R4,87.000000,-130.400000,Top,90.000000
R41,344.800000,-113.500000,Top,90.000000
R42,347.000000,-113.500000,Top,90.000000
R43,340.300000,-109.000000,Top,90.000000
R44,136.900000,-128.300000,Top,0.000000
R46,335.300000,-141.100000,Top,0.000000
R47,91.000000,-124.600000,Top,270.000000
R5,89.100000,-130.400000,Top,90.000000
R7,68.900000,-122.000000,Top,90.000000
U1,338.500000,-125.700000,Top,180.000000
U11,235.600000,-105.800000,Top,180.000000
U9,124.600000,-105.800000,Top,180.000000
U2,98.500000,-129.400000,Top,270.000000
U3,74.000000,-123.600000,Top,270.000000
U4,76.400000,-131.400000,Top,270.000000
U6,330.900000,-120.000000,Top,270.000000
U7,130.000000,-130.800000,Top,0.000000
U8,246.000000,-130.800000,Top,0.000000
