render,sha1,inputs
hardware/boards/key-board-lh/fab/key-board-lh-B_Cu.gbr,81e9ec09ae455b12970819588b312579b12e70d3,hardware/boards/key-board-lh/key-board-lh.kicad_pcb@653d7d65b3e0198c2434df8dc29626eba94d8b8a
hardware/boards/key-board-lh/fab/key-board-lh-B_Mask.gbr,d4de6e2f419581ecf29baf1fa8b129a445090d39,hardware/boards/key-board-lh/key-board-lh.kicad_pcb@653d7d65b3e0198c2434df8dc29626eba94d8b8a
hardware/boards/key-board-lh/fab/key-board-lh-B_Paste.gbr,46e1fe3514ca9a47ca0b2519b22ac2383bd24455,hardware/boards/key-board-lh/key-board-lh.kicad_pcb@653d7d65b3e0198c2434df8dc29626eba94d8b8a
hardware/boards/key-board-lh/fab/key-board-lh-B_Silkscreen.gbr,3507788460524725127c6e880fe2fa2e4db3705c,hardware/boards/key-board-lh/key-board-lh.kicad_pcb@653d7d65b3e0198c2434df8dc29626eba94d8b8a
hardware/boards/key-board-lh/fab/key-board-lh-Edge_Cuts.gbr,2639d07c942431e25fc93318f85d9540fec1b93a,hardware/boards/key-board-lh/key-board-lh.kicad_pcb@653d7d65b3e0198c2434df8dc29626eba94d8b8a
hardware/boards/key-board-lh/fab/key-board-lh-F_Cu.gbr,85563d81511fc1e5a6b209036cc6944f4dd58472,hardware/boards/key-board-lh/key-board-lh.kicad_pcb@653d7d65b3e0198c2434df8dc29626eba94d8b8a
hardware/boards/key-board-lh/fab/key-board-lh-F_Mask.gbr,f0dd53886cacc76faa06f487f1e44deae46ef4bd,hardware/boards/key-board-lh/key-board-lh.kicad_pcb@653d7d65b3e0198c2434df8dc29626eba94d8b8a
hardware/boards/key-board-lh/fab/key-board-lh-F_Paste.gbr,8fbf6c11d08098b65333bab6dca69011ca6c1443,hardware/boards/key-board-lh/key-board-lh.kicad_pcb@653d7d65b3e0198c2434df8dc29626eba94d8b8a
hardware/boards/key-board-lh/fab/key-board-lh-F_Silkscreen.gbr,0c45599e0e06555dc72340f7fa6adb9e85694d2e,hardware/boards/key-board-lh/key-board-lh.kicad_pcb@653d7d65b3e0198c2434df8dc29626eba94d8b8a
hardware/boards/key-board-lh/fab/key-board-lh-job.gbrjob,9f06c38c7899f0d6cdb8ad7db4c45d7511a15dc1,hardware/boards/key-board-lh/key-board-lh.kicad_pcb@653d7d65b3e0198c2434df8dc29626eba94d8b8a
hardware/boards/key-board-lh/fab/key-board-lh-pos.csv,b238416f35106444244bb5f5f3f997223126eadc,hardware/boards/key-board-lh/key-board-lh.kicad_pcb@653d7d65b3e0198c2434df8dc29626eba94d8b8a
hardware/boards/key-board-lh/fab/key-board-lh.drl,8152293796da1e6f14f0d837df314d39a7bcf864,hardware/boards/key-board-lh/key-board-lh.kicad_pcb@653d7d65b3e0198c2434df8dc29626eba94d8b8a
hardware/boards/key-board-lh/key-board-lh.p2.sch.png,630bb8e2079e4313d7ed4ccd36bc7b00f2cff473,hardware/boards/key-board-lh/key-board-lh.kicad_sch@050d15311bc4ad1ec31a7fcfff1fab74ce095282 hardware/cluster/key-register/key-register.kicad_sch@e062bafa933b196946318a967c52bcdf3111fa7e hardware/cluster/key-switch-network/key-switch-network.kicad_sch@4e18c30bce21d88e92062e9c1fc9e3efd26bfd69 hardware/cluster/key-marker-and-bits/key-marker-and-bits.kicad_sch@b4a798946c56461bddc12e25a2dc308e1f050612
hardware/boards/key-board-lh/key-board-lh.p3.sch.png,143e9089e970750a88ab59c4aa48b18cd64596b1,hardware/boards/key-board-lh/key-board-lh.kicad_sch@050d15311bc4ad1ec31a7fcfff1fab74ce095282 hardware/cluster/key-register/key-register.kicad_sch@e062bafa933b196946318a967c52bcdf3111fa7e hardware/cluster/key-switch-network/key-switch-network.kicad_sch@4e18c30bce21d88e92062e9c1fc9e3efd26bfd69 hardware/cluster/key-marker-and-bits/key-marker-and-bits.kicad_sch@b4a798946c56461bddc12e25a2dc308e1f050612
hardware/boards/key-board-lh/key-board-lh.p4.sch.png,7244e51d8b7393c9e7330ed9ac764d6d2e5f36c8,hardware/boards/key-board-lh/key-board-lh.kicad_sch@050d15311bc4ad1ec31a7fcfff1fab74ce095282 hardware/cluster/key-register/key-register.kicad_sch@e062bafa933b196946318a967c52bcdf3111fa7e hardware/cluster/key-switch-network/key-switch-network.kicad_sch@4e18c30bce21d88e92062e9c1fc9e3efd26bfd69 hardware/cluster/key-marker-and-bits/key-marker-and-bits.kicad_sch@b4a798946c56461bddc12e25a2dc308e1f050612
hardware/boards/key-board-lh/key-board-lh.p5.sch.png,2770078d1f619897477775e4fabb623a96a37498,hardware/boards/key-board-lh/key-board-lh.kicad_sch@050d15311bc4ad1ec31a7fcfff1fab74ce095282 hardware/cluster/key-register/key-register.kicad_sch@e062bafa933b196946318a967c52bcdf3111fa7e hardware/cluster/key-switch-network/key-switch-network.kicad_sch@4e18c30bce21d88e92062e9c1fc9e3efd26bfd69 hardware/cluster/key-marker-and-bits/key-marker-and-bits.kicad_sch@b4a798946c56461bddc12e25a2dc308e1f050612
hardware/boards/key-board-lh/key-board-lh.p6.sch.png,9b11d95ab693f7fd710d0806b200132b8147f90c,hardware/boards/key-board-lh/key-board-lh.kicad_sch@050d15311bc4ad1ec31a7fcfff1fab74ce095282 hardware/cluster/key-register/key-register.kicad_sch@e062bafa933b196946318a967c52bcdf3111fa7e hardware/cluster/key-switch-network/key-switch-network.kicad_sch@4e18c30bce21d88e92062e9c1fc9e3efd26bfd69 hardware/cluster/key-marker-and-bits/key-marker-and-bits.kicad_sch@b4a798946c56461bddc12e25a2dc308e1f050612
hardware/boards/key-board-lh/key-board-lh.p7.sch.png,6d4ca1b60817cea5398c41ea4ee655706aa4556c,hardware/boards/key-board-lh/key-board-lh.kicad_sch@050d15311bc4ad1ec31a7fcfff1fab74ce095282 hardware/cluster/key-register/key-register.kicad_sch@e062bafa933b196946318a967c52bcdf3111fa7e hardware/cluster/key-switch-network/key-switch-network.kicad_sch@4e18c30bce21d88e92062e9c1fc9e3efd26bfd69 hardware/cluster/key-marker-and-bits/key-marker-and-bits.kicad_sch@b4a798946c56461bddc12e25a2dc308e1f050612
hardware/boards/key-board-lh/key-board-lh.p8.sch.png,30290bdf939eee13360c52ce15f4eeec930695af,hardware/boards/key-board-lh/key-board-lh.kicad_sch@050d15311bc4ad1ec31a7fcfff1fab74ce095282 hardware/cluster/key-register/key-register.kicad_sch@e062bafa933b196946318a967c52bcdf3111fa7e hardware/cluster/key-switch-network/key-switch-network.kicad_sch@4e18c30bce21d88e92062e9c1fc9e3efd26bfd69 hardware/cluster/key-marker-and-bits/key-marker-and-bits.kicad_sch@b4a798946c56461bddc12e25a2dc308e1f050612
hardware/boards/key-board-lh/key-board-lh.pcb-3d-bottom.png,faa327fc7ee7a4bb9988f20ba7163fd95a6aecd4,hardware/boards/key-board-lh/key-board-lh.kicad_pcb@653d7d65b3e0198c2434df8dc29626eba94d8b8a
hardware/boards/key-board-lh/key-board-lh.pcb-3d-top.png,52329dce4a59ed38a418469abf6d875bab50d5a2,hardware/boards/key-board-lh/key-board-lh.kicad_pcb@653d7d65b3e0198c2434df8dc29626eba94d8b8a
hardware/boards/key-board-lh/key-board-lh.pcb-copper-bottom.png,1f9fd5f461ec660d858cfbf6fa6bd6701857b067,hardware/boards/key-board-lh/key-board-lh.kicad_pcb@653d7d65b3e0198c2434df8dc29626eba94d8b8a
hardware/boards/key-board-lh/key-board-lh.pcb-copper-top.png,a8ae1c12e2ba57a475ab70405211c4ffb88893a8,hardware/boards/key-board-lh/key-board-lh.kicad_pcb@653d7d65b3e0198c2434df8dc29626eba94d8b8a
hardware/boards/key-board-lh/key-board-lh.sch.png,04f2a4f1c6d70e059ad83a4d346f5ad291f003b6,hardware/boards/key-board-lh/key-board-lh.kicad_sch@050d15311bc4ad1ec31a7fcfff1fab74ce095282 hardware/cluster/key-register/key-register.kicad_sch@e062bafa933b196946318a967c52bcdf3111fa7e hardware/cluster/key-switch-network/key-switch-network.kicad_sch@4e18c30bce21d88e92062e9c1fc9e3efd26bfd69 hardware/cluster/key-marker-and-bits/key-marker-and-bits.kicad_sch@b4a798946c56461bddc12e25a2dc308e1f050612
hardware/boards/key-board-rh/key-board-rh.p2.sch.png,018887646b420a482df9a02c0b98f9b3f33c9b39,hardware/boards/key-board-rh/key-board-rh.kicad_sch@7a760aa8c71df7b3682bae2e987c695bffb3362f hardware/cluster/key-register/key-register.kicad_sch@e062bafa933b196946318a967c52bcdf3111fa7e hardware/cluster/key-switch-network/key-switch-network.kicad_sch@4e18c30bce21d88e92062e9c1fc9e3efd26bfd69
hardware/boards/key-board-rh/key-board-rh.p3.sch.png,8f9b5aecf73b73c4effbecda5db8583d530e4582,hardware/boards/key-board-rh/key-board-rh.kicad_sch@7a760aa8c71df7b3682bae2e987c695bffb3362f hardware/cluster/key-register/key-register.kicad_sch@e062bafa933b196946318a967c52bcdf3111fa7e hardware/cluster/key-switch-network/key-switch-network.kicad_sch@4e18c30bce21d88e92062e9c1fc9e3efd26bfd69
hardware/boards/key-board-rh/key-board-rh.p4.sch.png,0eee1af3a127e85988e0f0450daad16408155af7,hardware/boards/key-board-rh/key-board-rh.kicad_sch@7a760aa8c71df7b3682bae2e987c695bffb3362f hardware/cluster/key-register/key-register.kicad_sch@e062bafa933b196946318a967c52bcdf3111fa7e hardware/cluster/key-switch-network/key-switch-network.kicad_sch@4e18c30bce21d88e92062e9c1fc9e3efd26bfd69
hardware/boards/key-board-rh/key-board-rh.p5.sch.png,1e59d07d6809ab8898eec4caf31460de9b9663ce,hardware/boards/key-board-rh/key-board-rh.kicad_sch@7a760aa8c71df7b3682bae2e987c695bffb3362f hardware/cluster/key-register/key-register.kicad_sch@e062bafa933b196946318a967c52bcdf3111fa7e hardware/cluster/key-switch-network/key-switch-network.kicad_sch@4e18c30bce21d88e92062e9c1fc9e3efd26bfd69
hardware/boards/key-board-rh/key-board-rh.p6.sch.png,8360c53af22f25302e9513c41a1cb3cdd20af2f4,hardware/boards/key-board-rh/key-board-rh.kicad_sch@7a760aa8c71df7b3682bae2e987c695bffb3362f hardware/cluster/key-register/key-register.kicad_sch@e062bafa933b196946318a967c52bcdf3111fa7e hardware/cluster/key-switch-network/key-switch-network.kicad_sch@4e18c30bce21d88e92062e9c1fc9e3efd26bfd69
hardware/boards/key-board-rh/key-board-rh.p7.sch.png,4e6a8df3a74a61fd7e7c89065105fd52924ffb23,hardware/boards/key-board-rh/key-board-rh.kicad_sch@7a760aa8c71df7b3682bae2e987c695bffb3362f hardware/cluster/key-register/key-register.kicad_sch@e062bafa933b196946318a967c52bcdf3111fa7e hardware/cluster/key-switch-network/key-switch-network.kicad_sch@4e18c30bce21d88e92062e9c1fc9e3efd26bfd69
hardware/boards/key-board-rh/key-board-rh.p8.sch.png,515b7588f3dc08f579097589afb95ae31c65dd08,hardware/boards/key-board-rh/key-board-rh.kicad_sch@7a760aa8c71df7b3682bae2e987c695bffb3362f hardware/cluster/key-register/key-register.kicad_sch@e062bafa933b196946318a967c52bcdf3111fa7e hardware/cluster/key-switch-network/key-switch-network.kicad_sch@4e18c30bce21d88e92062e9c1fc9e3efd26bfd69
hardware/boards/key-board-rh/key-board-rh.sch.png,a271669b22f168bf4ab7cf9efd3ea86a9ac98916,hardware/boards/key-board-rh/key-board-rh.kicad_sch@7a760aa8c71df7b3682bae2e987c695bffb3362f hardware/cluster/key-register/key-register.kicad_sch@e062bafa933b196946318a967c52bcdf3111fa7e hardware/cluster/key-switch-network/key-switch-network.kicad_sch@4e18c30bce21d88e92062e9c1fc9e3efd26bfd69
hardware/cluster/key-marker-and-bits/key-marker-and-bits.sch.png,1be9aaec14462b9f73e2b99333a7eeba83eee071,hardware/cluster/key-marker-and-bits/key-marker-and-bits.kicad_sch@b4a798946c56461bddc12e25a2dc308e1f050612
hardware/cluster/key-register/key-register.sch.png,b94e0b568b329f79a9b113e8cd8b7441541f0548,hardware/cluster/key-register/key-register.kicad_sch@e062bafa933b196946318a967c52bcdf3111fa7e
hardware/cluster/key-switch-network/key-switch-network.sch.png,0bf457dee08e397737716260d9ed2a53ab4d9997,hardware/cluster/key-switch-network/key-switch-network.kicad_sch@4e18c30bce21d88e92062e9c1fc9e3efd26bfd69
