Ref,Val,Package,PosX,PosY,Rot,Side
"C1","47nF","C_0805_2012Metric",224.700000,-121.500000,180.000000,bottom
"C2","47nF","C_0805_2012Metric",244.700000,-121.500000,180.000000,bottom
"C3","47nF","C_0805_2012Metric",264.700000,-121.500000,180.000000,bottom
"C4","47nF","C_0805_2012Metric",282.700000,-130.500000,180.000000,bottom
"C5","47nF","C_0805_2012Metric",282.700000,-112.500000,180.000000,bottom
"C6","47nF","C_0805_2012Metric",291.300000,-119.000000,180.000000,bottom
"C7","100nF","C_0805_2012Metric",257.500000,-108.200000,90.000000,bottom
"C8","10uF","C_0805_2012Metric",238.000000,-108.000000,90.000000,bottom
"C9","100nF","C_0805_2012Metric",271.200000,-103.530000,0.000000,bottom
"J1","12-way","IDC-Header_2x06_P1.27mm_Samtec_SHF_Horizontal",242.140000,-111.160000,0.000000,bottom
"J2","2x12 1.27mm shrouded box header","IDC-Header_2x12_P1.27mm_XKB_X1270WR_Horizontal",302.300000,-128.485000,0.000000,bottom
"J3","1x10 2.54mm header pins","PinHeader_1x10_P2.54mm_Vertical",332.970000,-132.930000,-90.000000,bottom
"J4","1x10 2.54mm header pins","PinHeader_1x10_P2.54mm_Vertical",332.970000,-110.070000,-90.000000,bottom
"J5","4 wire pads","PinHeader_1x04_P2.54mm_Vertical",344.000000,-141.300000,-90.000000,bottom
"R1","100R 1%","R_0805_2012Metric",227.400000,-124.200000,-90.000000,bottom
"R2","2k2 1%","R_0805_2012Metric",227.400000,-118.800000,-90.000000,bottom
"R3","100R 1%","R_0805_2012Metric",247.400000,-124.200000,-90.000000,bottom
"R4","2k2 1%","R_0805_2012Metric",247.400000,-118.800000,-90.000000,bottom
"R5","100R 1%","R_0805_2012Metric",267.399999,-124.200000,-90.000000,bottom
"R6","2k2 1%","R_0805_2012Metric",267.399999,-118.800000,-90.000000,bottom
"R7","100R 1%","R_0805_2012Metric",285.400000,-133.199999,-90.000000,bottom
"R8","2k2 1%","R_0805_2012Metric",285.400000,-127.800000,-90.000000,bottom
"R9","100R 1%","R_0805_2012Metric",285.400000,-115.200000,-90.000000,bottom
"R10","2k2 1%","R_0805_2012Metric",285.400000,-109.800000,-90.000000,bottom
"R11","100R 1%","R_0805_2012Metric",294.000000,-121.700000,-90.000000,bottom
"R12","2k2 1%","R_0805_2012Metric",294.000000,-116.300000,-90.000000,bottom
"U1","74HCS165","SOIC-16_3.9x9.9mm_P1.27mm",264.000000,-106.000000,90.000000,bottom
